{
  "components": [
    {
      "data": {
        "contents_checksum": "234c638bac9e76f63cc72de9316cdfd3e93cc9d4c74a6a3797044064ba69a1ce",
        "source": "",
        "type": "tar"
      },
      "dependencies": [
        "bundled-python3-unix",
        "core-nix",
        "core-win",
        "gcloud-deps",
        "ssh-tools"
      ],
      "details": {
        "description": "Handles all core functionality for the Google Cloud CLI.",
        "display_name": "Google Cloud CLI Core Libraries"
      },
      "gdu_only": false,
      "id": "core",
      "is_configuration": false,
      "is_hidden": false,
      "is_required": true,
      "platform": {},
      "platform_required": false,
      "version": {
        "build_number": 20250620144631,
        "version_string": "2025.06.20"
      }
    }
  ],
  "revision": 20250620144631,
  "schema_version": {
    "no_update": false,
    "url": "https://dl.google.com/dl/cloudsdk/channels/rapid/google-cloud-sdk.tar.gz",
    "version": 3
  },
  "version": "528.0.0"
}