{
  "components": [
    {
      "data": {
        "contents_checksum": "1805b5105daf70f8c67e22971c7826eccfcaa955b471294c74cdb15dabb10fc8",
        "source": "",
        "type": "tar"
      },
      "dependencies": [
        "bundled-python3-unix",
        "core",
        "gcloud-deps",
        "ssh-tools"
      ],
      "details": {
        "description": "Handles all core functionality for the Google Cloud CLI.",
        "display_name": "Google Cloud CLI Core Libraries (Platform Specific)"
      },
      "gdu_only": false,
      "id": "core-nix",
      "is_configuration": false,
      "is_hidden": true,
      "is_required": true,
      "platform": {
        "operating_systems": [
          "CYGWIN",
          "LINUX",
          "MACOSX",
          "MSYS"
        ]
      },
      "platform_required": false,
      "version": {
        "build_number": 20250620144631,
        "version_string": "2025.06.20"
      }
    }
  ],
  "revision": 20250620144631,
  "schema_version": {
    "no_update": false,
    "url": "https://dl.google.com/dl/cloudsdk/channels/rapid/google-cloud-sdk.tar.gz",
    "version": 3
  },
  "version": "528.0.0"
}