{
  "components": [
    {
      "data": {
        "contents_checksum": "e3b0c44298fc1c149afbf4c8996fb92427ae41e4649b934ca495991b7852b855",
        "source": "",
        "type": "tar"
      },
      "dependencies": [
        "core",
        "gcloud-deps"
      ],
      "details": {
        "description": "Set of third_party gcloud cli dependencies.",
        "display_name": "gcloud cli dependencies (Platform Specific)"
      },
      "gdu_only": false,
      "id": "gcloud-deps-darwin-x86_64",
      "is_configuration": false,
      "is_hidden": true,
      "is_required": false,
      "platform": {
        "architectures": [
          "x86_64"
        ],
        "operating_systems": [
          "MACOSX"
        ]
      },
      "platform_required": false,
      "version": {
        "build_number": 20250620144631,
        "version_string": "2025.06.20"
      }
    }
  ],
  "revision": 20250620144631,
  "schema_version": {
    "no_update": false,
    "url": "https://dl.google.com/dl/cloudsdk/channels/rapid/google-cloud-sdk.tar.gz",
    "version": 3
  },
  "version": "528.0.0"
}