{
  "components": [
    {
      "data": {
        "contents_checksum": "d75b5df4174a338f9c44034ebe3b60f9044c36aec1b7251ea9d7ff5ef68246fb",
        "source": "",
        "type": "tar"
      },
      "dependencies": [
        "gcloud-crc32c"
      ],
      "details": {
        "description": "Command line tool that calculates CRC32C hashes on local files.",
        "display_name": "Google Cloud CRC32C Hash Tool (Platform Specific)"
      },
      "gdu_only": false,
      "id": "gcloud-crc32c-darwin-x86_64",
      "is_configuration": false,
      "is_hidden": true,
      "is_required": false,
      "platform": {
        "architectures": [
          "x86_64"
        ],
        "operating_systems": [
          "MACOSX"
        ]
      },
      "platform_required": false,
      "version": {
        "build_number": 20250620144631,
        "version_string": "1.0.0"
      }
    }
  ],
  "revision": 20250620144631,
  "schema_version": {
    "no_update": false,
    "url": "https://dl.google.com/dl/cloudsdk/channels/rapid/google-cloud-sdk.tar.gz",
    "version": 3
  },
  "version": "528.0.0"
}