{
  "components": [
    {
      "data": {
        "contents_checksum": "a65ce603d995280c13ebd7636ac5794429b3d49b7ca160e5f4f3904170d19ce5",
        "source": "",
        "type": "tar"
      },
      "dependencies": [
        "core",
        "gsutil-nix",
        "gsutil-win"
      ],
      "details": {
        "description": "Provides the gsutil tool for interacting with Google Cloud Storage.",
        "display_name": "Cloud Storage Command Line Tool"
      },
      "gdu_only": true,
      "id": "gsutil",
      "is_configuration": false,
      "is_hidden": false,
      "is_required": false,
      "platform": {},
      "platform_required": false,
      "version": {
        "build_number": 20250620144631,
        "version_string": "5.34"
      }
    }
  ],
  "revision": 20250620144631,
  "schema_version": {
    "no_update": false,
    "url": "https://dl.google.com/dl/cloudsdk/channels/rapid/google-cloud-sdk.tar.gz",
    "version": 3
  },
  "version": "528.0.0"
}