{
  "components": [
    {
      "data": {
        "contents_checksum": "ca0348a8fff5aafa134fa26ec07c00176576fa6d77ff36f91b61350e77259328",
        "source": "",
        "type": "tar"
      },
      "dependencies": [
        "core",
        "gsutil"
      ],
      "details": {
        "description": "Provides the gsutil tool for interacting with Google Cloud Storage.",
        "display_name": "Cloud Storage Command Line Tool (Platform Specific)"
      },
      "gdu_only": true,
      "id": "gsutil-nix",
      "is_configuration": false,
      "is_hidden": true,
      "is_required": false,
      "platform": {
        "operating_systems": [
          "CYGWIN",
          "LINUX",
          "MACOSX",
          "MSYS"
        ]
      },
      "platform_required": false,
      "version": {
        "build_number": 20250620144631,
        "version_string": "5.34"
      }
    }
  ],
  "revision": 20250620144631,
  "schema_version": {
    "no_update": false,
    "url": "https://dl.google.com/dl/cloudsdk/channels/rapid/google-cloud-sdk.tar.gz",
    "version": 3
  },
  "version": "528.0.0"
}